inflation,massfrac,clusters,max,ctr,avg,min
1.1,0.99996,2198091,878,23,1.8,1
1.3,0.99961,2200194,312,22.1,1.8,1
1.5,0.99867,2203611,312,21.7,1.8,1
1.8,0.99686,2207796,312,21.5,1.8,1
2,0.99528,2211190,312,21.4,1.8,1
2.5,0.99195,2216925,312,21.2,1.8,1
3,0.9884,2224779,312,21,1.7,1
4,0.98161,2243328,311,20.7,1.7,1
5,0.97508,2263755,311,20.3,1.7,1
6,0.97009,2277822,311,20,1.7,1
7,0.96629,2288033,311,19.7,1.7,1
