"Inflation"	"MeanScore"
"1.1"	2444.25159956197
"1.5"	2431.78824192719
"1.9"	2427.84467763592
"2.0"	2426.52770190402
"2.3"	2426.35366087659
"2.7"	2425.32262588543
"3.1"	2417.89458510089
"3.4"	2416.50382099067
"4.5"	2405.12616353862
"5.0"	2402.20989060353
